﻿{
    "sites": [
        {
            "Name": "菜鸟教程",
            "Url": "www.runoob.com",
            "Country": "CN"
        },
        {
            "Name": "Google",
            "Url": "www.google.com",
            "Country": "USA"
        },
        {
            "Name": "Facebook",
            "Url": "www.facebook.com",
            "Country": "USA"
        },
        {
            "Name": "微博",
            "Url": "www.weibo.com",
            "Country": "CN"
        }
    ]
}